,ProteinName,PocketName,PocketScore,DrugScore,HydrophobicityScore,PocketVolume,PocketResidues
0,EGFR_HUMAN_3GT8C,pocket11,-0.0955,0.0004,-4.3333,253.9828,"['ASP-956', 'GLN-894', 'THR-892', 'LYS-960', 'ALA-955', 'HIS-893']"
1,EGFR_HUMAN_3GT8C,pocket6,-0.0479,0.2444,21.25,398.8803,"['VAL-765', 'LYS-860', 'VAL-834', 'PHE-856', 'LEU-833', 'GLU-762', 'ARG-836', 'MET-766', 'GLU-758', 'ASP-761', 'GLY-857', 'ARG-832']"
2,EGFR_HUMAN_3GT8C,pocket2,-0.0015,0.0008,2.875,314.1983,"['LYS-823', 'HIS-773', 'MET--21.183', 'MET--22.186', 'GLN-820', 'VAL-819', 'MET--24.606', 'PRO-772', 'ASN-771', 'ASN-816', 'MET--20.894']"
3,EGFR_HUMAN_3GT8C,pocket14,-0.1096,0.0082,32.75,270.8663,"['TYR-891', 'VAL-876', 'PRO-877', 'ASP-837', 'ALA-859', 'ARG-836', 'LEU-862', 'PHE-723']"
4,EGFR_HUMAN_3GT8C,pocket12,-0.1007,0.0024,3.5,290.6441,"['GLU-963', 'GLU-967', 'ILE-966', 'LYS-970']"
5,EGFR_HUMAN_3GT8C,pocket7,-0.0566,0.3291,64.5714,217.2595,"['VAL-742', 'ARG-705', 'GLY-779', 'TRP-731', 'ILE-789', 'LEU-707', 'LEU-778']"
6,EGFR_HUMAN_3GT8C,pocket16,-0.1959,0.9697,28.6286,1486.7081,"['ASP-855', 'ALA-743', 'PHE-856', 'PRO-877', 'LYS-728', 'VAL-726', 'LEU-777', 'CYS-797', 'LYS-745', 'CYS-775', 'GLY-796', 'LEU-858', 'ASN-842', 'GLY-719', 'VAL-876', 'THR-854', 'LEU-718', 'TRP-880', 'ASP-837', 'ARG-841', 'GLY-721', 'LEU-844', 'LEU-792', 'PRO-794', 'MET-766', 'ALA-722', 'THR-790', 'PHE-723', 'GLN-791', 'GLY-724', 'MET-793', 'SER-720', 'ASP-800', 'LEU-788', 'LYS-716']"
7,EGFR_HUMAN_3GT8C,pocket8,-0.0783,0.0149,31.4545,308.2079,"['LYS-754', 'ILE-759', 'PRO-753', 'THR-783', 'LEU-861', 'SER-784', 'LEU-747', 'LEU-862', 'VAL-786', 'GLU-749', 'ASN-756']"
8,EGFR_HUMAN_3GT8C,pocket9,-0.0785,0.0211,16.0,415.4451,"['ALA-920', 'VAL-876', 'TRP-880', 'PRO-877', 'ARG-841', 'ARG-803', 'SER-912', 'PRO-914', 'ILE-878', 'LEU-799', 'LYS-913', 'LYS-879', 'GLU-906']"
9,EGFR_HUMAN_3GT8C,pocket5,-0.0346,0.0024,13.4667,694.5242,"['PRO-772', 'ASP--16.798', 'GLU--18.142', 'LEU-778', 'GLU--16.854', 'LYS-852', 'ASP--16.087', 'SER-768', 'CYS-775', 'ASN-771', 'GLU--17.249', 'ARG-776', 'GLN-791', 'MET-793', 'VAL-769', 'GLU--17.786', 'VAL-774', 'ASP--17.756', 'LEU-703', 'ASP-770']"
10,EGFR_HUMAN_3GT8C,pocket15,-0.1466,0.0014,39.8333,158.6894,"['HIS-888', 'GLU-928', 'LEU-887', 'GLU-884', 'ILE-953', 'LEU-883']"
11,EGFR_HUMAN_3GT8C,pocket13,-0.1022,0.0002,-1.2,153.6413,"['GLY-724', 'SER-720', 'ARG-748', 'THR-725', 'GLY-721']"
12,EGFR_HUMAN_3GT8C,pocket10,-0.0855,0.0008,39.25,373.2237,"['GLU-709', 'THR-710', 'CYS-781', 'THR-783', 'ILE-706', 'LYS-708', 'LEU-782', 'LEU-707']"
13,EGFR_HUMAN_3GT8C,pocket1,0.0299,0.0163,-1.0833,485.7556,"['GLU-963', 'GLU-967', 'ASP-956', 'ILE-946', 'LEU-964', 'ASP-942', 'PRO-959', 'LYS-960', 'ARG-958', 'LYS-949', 'MET-945', 'SER-957']"
14,EGFR_HUMAN_3GT8C,pocket4,-0.0201,0.0002,-8.0,234.7254,"['ALA--22.484', 'ASN-996', 'GLU--18.099', 'ARG-999', 'ALA--21.355', 'GLU--16.453', 'ALA--21.770', 'GLU--17.369']"
15,EGFR_HUMAN_3GT8C,pocket3,-0.0168,0.0391,8.0769,532.5496,"['THR-909', 'ASP-916', 'ARG-932', 'PRO-936', 'GLU-931', 'SER-912', 'ILE-918', 'PRO-934', 'TYR-915', 'PRO-937', 'LYS-913', 'ILE-926', 'TRP-905']"
